<?xml version="1.0" ?> 

<project name="PWC_Deployment_Procedure" basedir="." default="generate.OOTB.war" xmlns:if="ant:if" xmlns:unless="ant:unless">

	<property environment="env"/>
	<property file="${SERVER_DEPLOY_PROPERTIES_FILE}"/>
	<property file="../deploy.properties"/>

	<property name="enovia.WEB-INF" value="../../enovia/WEB-INF"/>

	<taskdef resource="net/sf/antcontrib/antlib.xml">
	    <classpath>
	        <pathelement location="../deploy_engine/tools/ant-contrib-1.0b3.jar"/>
	    </classpath>
	</taskdef>

  <!--Creating log file with timestamp-->
	<tstamp>
    <format property="dateTime" pattern="yyyyMMddhhmmss" unit="hour"/>
	</tstamp>

	<mkdir dir="../../../logs"/>
	<touch file="../../../logs/deployment_${dateTime}.log"/>
	<property name="log.file" value="../../../../logs/deployment_${dateTime}.log"/>

	
<!--################################# Display OOTB and Custom information ###########################################-->
	<target name="PrintPageSystemInfo" description="Print OOTB and Custom information"> 
		<exec dir="./tools" executable="${enovia.server.mql.executable}" resultproperty="return.details" failonerror="false">

			<arg line="-c 'verb on; set context user &quot;${enovia.server.admin.user}&quot; password &quot;${enovia.server.admin.password}&quot;
			 ;set env LOG_FILE &quot;${log.file}&quot; set env TCL_PROC printOOTBAndCustumInfo; run manageCustomizaton.tcl'" if:set="${enovia.server.admin.password}"/>

		 	<arg line="-c 'verb on; set context user &quot;${enovia.server.admin.user}&quot; ;set env LOG_FILE &quot;${log.file}&quot; 
			 ;set env TCL_PROC printOOTBAndCustumInfo; run manageCustomizaton.tcl'" unless:set="${enovia.server.admin.password}"/>

		</exec>	 
	
		<antcall target="checkInputOriginTag"/>
	</target>
	
	
	<!--################# Check if the Input  GIT tag is same as the product version ################################-->
	<target name="checkInputOriginTag" description="Check input origin GIT Tag is same as the product version"> 
		<exec dir="./tools" executable="${enovia.server.mql.executable}" failonerror="true">
			<arg line="-c 'verb on; set context user &quot;${enovia.server.admin.user}&quot; password &quot;${enovia.server.admin.password}&quot; 
			;set env TCL_PROC checkTheLastBuild; ;set env LOG_FILE &quot;${log.file}&quot; ;set env DEPLOYMENT_TYPE &quot;${deployment.type}&quot; 
			;set env INPUT_ORIGIN_GIT_TAG &quot;${input.origin.tag}&quot; ;run manageCustomizaton.tcl'" if:set="${enovia.server.admin.password}"/>
			
			<arg line="-c 'verb on; set context user &quot;${enovia.server.admin.user}&quot; ;set env LOG_FILE &quot;${log.file}&quot; 
			;set env DEPLOYMENT_TYPE &quot;${deployment.type}&quot; ;set env INPUT_ORIGIN_GIT_TAG &quot;${input.origin.tag}&quot; 
			;set env TCL_PROC checkTheLastBuild;run manageCustomizaton.tcl'" unless:set="${enovia.server.admin.password}"/>
		</exec>	 

		<antcall target="generate.OOTB.war"/>
	</target>

<!--############ Moving all *.web.xml.part feils from enovia/WEB-INF to SRV_INSTALL/warutil/fragment dir ######-->
	<target name="moveFilesFrom_WEBINF" description="Move files *.web.xml.part from WEB_INF to warutil/fragment">
	   <copy todir="${SRV_INSTALL}/linux_a64/resources/warutil/fragment" >
			<fileset dir="${enovia.WEB-INF}">
	    	    <include name="**/PWC*.web.xml.part"/>
			</fileset>
		</copy>
		<echo message="Files moved from enovia/WEB-INF to SEV_INSTALL warutil fragment successfully !!"/>
	</target>


<!--################################# Generating OOTB war : CAS and NoCAS- ###########################################-->
	<target name="generate.OOTB.war" description="Generate OOTB war : CAS and NoCAS" depends="moveFilesFrom_WEBINF">
		
		<!--<exec dir="${SRV_INSTALL}/scripts" executable="${enovia.server.bash.executable}"  failonerror="true">
			<arg line="/c ${enovia.war_setup.cas.script}"/>
			<arg line="/c ${enovia.war_setup.nocas.script}"/>
		</exec>-->

		<!--Deleting *.web.xml.part files from SRV_NSTALL/warutil/fragment-->
 		<delete>  
			<fileset dir="${SRV_INSTALL}/linux_a64/resources/warutil/fragment">
	    	    <include name="**/PWC*.web.xml.part"/>
			</fileset>
		</delete>	
		<echo message="Files deleted from SRV_INSTALL warutil fragment successfully !!"/>

		<antcall target="executeCleanup" if:set="customization.available"/>
		<antcall target="executeOneTimeScripts" unless:set="customization.available"/>
	</target>

<!--########## Execute cleanup scripts only if the PWC customization installed (page pwcSystemInformation) ##########-->
	<target name="executeCleanup" description="Execute cleanup"> 
		<exec dir="./tools" executable="${enovia.server.mql.executable}" resultproperty="return.cleanup" failonerror="true">
			<arg line="-c 'verb on; set context user &quot;${enovia.server.admin.user}&quot; password &quot;${enovia.server.admin.password}&quot; 
			;set env LOG_FILE &quot;${log.file}&quot; ;set env TCL_PROC executeCleanupDirectory; run deploy.tcl'" if:set="${enovia.server.admin.password}"/>

			<arg line="-c 'verb on; set context user &quot;${enovia.server.admin.user}&quot; ;set env LOG_FILE &quot;${log.file}&quot; 
			;set env TCL_PROC executeCleanupDirectory; run deploy.tcl'" unless:set="${enovia.server.admin.password}"/>
		</exec>	 
		<echo message="Cleanup scripts executed successfully !!"/>
		<antcall target="executePreConfigScripts"/>
	</target>


<!--#### Execute One time scripts only if the PWC customization is not installed installed (page pwcSystemInformation) ####-->
	<target name="executeOneTimeScripts" description="Execute one time scripts"> 
		<exec dir="./tools" executable="${enovia.server.mql.executable}"  failonerror="true">
			<arg line="-c 'verb on; set context user &quot;${enovia.server.admin.user}&quot; password &quot;${enovia.server.admin.password}&quot; 
			;set env LOG_FILE &quot;${log.file}&quot; ;set env SCRIPT_DIR OneTimeScripts;
			set env TCL_PROC executeScripts; run deploy.tcl'" if:set="${enovia.server.admin.password}"/>

			<arg line="-c 'verb on; set context user &quot;${enovia.server.admin.user}&quot; ;set env LOG_FILE &quot;${log.file}&quot;
			 ;set env SCRIPT_DIR OneTimeScripts;set env TCL_PROC executeScripts; run deploy.tcl'" unless:set="${enovia.server.admin.password}"/>
		</exec>	 
		<echo message="One time scripts executed successfully !!"/>
		<antcall target="executePreConfigScripts"/>
	</target>


<!--######################################## Execute Pre-Config scripts ###########################################-->
	<target name="executePreConfigScripts" description="Execute Pre-Config scripts"> 
		<exec dir="./tools" executable="${enovia.server.mql.executable}"  failonerror="true">
			<arg line="-c 'verb on; set context user &quot;${enovia.server.admin.user}&quot; password &quot;${enovia.server.admin.password}&quot;
			 ;set env LOG_FILE &quot;${log.file}&quot; ;set env SCRIPT_DIR PreConfig;
			 set env TCL_PROC executeScripts; run deploy.tcl'" if:set="${enovia.server.admin.password}"/>

			<arg line="-c 'verb on; set context user &quot;${enovia.server.admin.user}&quot; ;set env LOG_FILE &quot;${log.file}&quot; 
			;set env SCRIPT_DIR PreConfig;set env TCL_PROC executeScripts; run deploy.tcl'" unless:set="${enovia.server.admin.password}"/>
		</exec>	 
		<echo message="Pre-Config scripts executed successfully !!"/>
		<antcall target="Platform_Management.Configuration"/>
	</target>


<!--######################################## platform_management configuraiton ######################################-->
	<target name="Platform_Management.Configuration" description="Platform_management  Configuration"> 
		
		<exec dir="${SRV_INSTALL}/scripts" executable="${enovia.server.bash.executable}"  failonerror="true">
			<arg line="/c TeamParamServices.sh  ${enovia.server.admin.user} ${enovia.server.admin.password}
			 import  …/ platform_management/Configuration/PWC_ Parametrization_Export.xml  ${enovia.webapp.nocas.url}"/>
		</exec>

		<echo message="Platform_management Configuration setup successfully !!"/>
		<antcall target="Platform_Management.PnO"/>
	</target>


<!--########################################### platform_management Pno  #############################################-->
	<target name="Platform_Management.PnO" description="Platform_management PnO configuration"> 

		<exec dir="${SRV_INSTALL}/scripts" executable="${enovia.server.bash.executable}"  failonerror="true">
			<arg line="/c TVPLMPosImport.sh  -server ${enovia.webapp.nocas.url} -user  ${enovia.server.admin.user}  -password  ${enovia.server.admin.password}  
			-context 'VPLMAdmin.Pratt and Whitney Canada.Default'  -location country/CA  -file PWC_POStructure.txt"/>
		</exec>

		<echo message="Platform_management PnO setup successfully !!"/>
		<antcall target="Platform_Management.6WVocabularies"/>
	</target>

<!--######################################## platform_management 6W Vocabularies ######################################-->
	<target name="Platform_Management.6WVocabularies" description="Platform_management 6WVocabularies configuration"> 

		<exec dir="./tools" executable="${enovia.server.mql.executable}"  failonerror="true">
			<arg line="-c 'verb on; set context user &quot;${enovia.server.admin.user}&quot; password &quot; ${enovia.server.admin.password}&quot; 
			;set env USER_NAME &quot;${enovia.server.admin.user}&quot; ;set env PASSWORD &quot;${enovia.server.admin.password}&quot;
			;set env LOG_FILE &quot;${log.file}&quot; ;set env TCL_PROC configure6WVocabularies; run deploy.tcl'" if:set="${enovia.server.admin.password}"/>
			 
			<arg line="-c 'verb on; set context user &quot;${enovia.server.admin.user}&quot; ;set env LOG_FILE &quot;${log.file}&quot; 
			;set env USER_NAME &quot;${enovia.server.admin.user}&quot; ;set env PASSWORD &quot;${enovia.server.admin.password}&quot; 
			;set env TCL_PROC configure6WVocabularies; run deploy.tcl'" unless:set="${enovia.server.admin.password}"/>
		</exec>
		<echo message="Platform_management 6WVocabularies setup successfully !!"/>
		<antcall target="unified_typing"/>
	</target>

<!--############################################# Configure unified_typing ############################################-->

	<target name="unified_typing" description="unified_typing specialization and administration"> 

		<!--Iterating all the .zip files available under specialization-->
  		<foreach target="execute_unified_typing" param="ZipFile">
			<path>
    			<fileset dir="../../unified_typing/specialization" includes="**/*.zip"/>
			</path>
 		 </foreach>

		<echo message="unified_typing specialization executed successfully !!"/>

		<!--Iterating all the .zip files available under administration-->
		 <foreach target="execute_unified_typing" param="ZipFile">
			<path>
    			<fileset dir="../../unified_typing/administration" includes="**/*.zip"/>
			</path>
 		 </foreach>

		<echo message="unified_typing administration executed successfully !!"/>
		<antcall target="spinner_execution"/>
	</target>

	<!--This target will be called for every .zip file from unified_typing-->
	<target name="execute_unified_typing" description="unified_typing specialization and administration"> 
		<exec dir="${SRV_INSTALL}/scripts" executable="${enovia.server.bash.executable}"  failonerror="true">
			<arg line="/c CustoDataToll2.sh –user  '${user_admin}'' –password '${password}' -file '${ZipFile}''"/>
		</exec>
	</target>


<!--################################################# Spinner Ececution ###############################################-->
	<target name="spinner_execution" description="Spinner execution"> 
		<exec dir="./tools" executable="${enovia.server.mql.executable}"  failonerror="true">
			<arg line="-c 'verb on; set context user &quot;${enovia.server.admin.user}&quot; password &quot;${enovia.server.admin.password}&quot;
			 ;set env LOG_FILE &quot;${log.file}&quot; ;set env SPINNER_PATH spinner;
			 set env TCL_PROC executeSpinner; run deploy.tcl'" if:set="${enovia.server.admin.password}"/>

			<arg line="-c 'verb on; set context user &quot;${enovia.server.admin.user}&quot; ;set env LOG_FILE &quot;${log.file}&quot; 
			;set env SPINNER_PATH spinner;set env TCL_PROC executeSpinner; run deploy.tcl'" unless:set="${enovia.server.admin.password}"/>
		</exec>	 
		<echo message="Spinner executed successfully !!"/>
		<antcall target="executePostConfigScripts"/>
	</target>


<!--############################################# Execute Post-Config scripts #########################################-->
	<target name="executePostConfigScripts" description="Execute Post-Config scripts"> 
		<exec dir="./tools" executable="${enovia.server.mql.executable}"  failonerror="true">
			<arg line="-c 'verb on; set context user &quot;${enovia.server.admin.user}&quot; password &quot;${enovia.server.admin.password}&quot;
			 ;set env LOG_FILE &quot;${log.file}&quot; ;set env SCRIPT_DIR PostConfig;
			 set env TCL_PROC executeScripts; run deploy.tcl'" if:set="${enovia.server.admin.password}"/>

			<arg line="-c 'verb on; set context user &quot;${enovia.server.admin.user}&quot; ;set env LOG_FILE &quot;${log.file}&quot;
			 ;set env SCRIPT_DIR PostConfig;set env TCL_PROC executeScripts; run deploy.tcl'" unless:set="${enovia.server.admin.password}"/>
		</exec>	 
		<echo message="Post-Config scripts executed successfully !!"/>
		<antcall target="register_customization_info"/>
	</target>


<!--############################################# Register Customiztion info ##########################################-->
	<target name="register_customization_info" description="Register customization information"> 
		<exec dir="./tools" executable="${enovia.server.mql.executable}"  failonerror="true">
			<arg line="-c 'verb on; set context user &quot;${enovia.server.admin.user}&quot; password &quot;${enovia.server.admin.password}&quot;
			 ;set env LOG_FILE &quot;${log.file}&quot; ;set env TCL_PROC updateCostomizationInfo; run manageCustomizaton.tcl'" if:set="${enovia.server.admin.password}"/>

			<arg line="-c 'verb on; set context user &quot;${enovia.server.admin.user}&quot; ;set env LOG_FILE &quot;${log.file}&quot;
			;set env TCL_PROC updateCostomizationInfo; run manageCustomizaton.tcl'" unless:set="${enovia.server.admin.password}"/>
		</exec>	 
		<echo message="Customization info updated successfully !!"/>
		<antcall target="Masks_Compilation"/>
	</target>


<!--################################################## Compile Masks ##################################################-->

	<target name="Masks_Compilation" description="Compile all masks individually"> 

		<!--Iterating all the masks available-->
  		<foreach target="compile.mask" param="mask_dir">
			<path>
    			<dirset dir="${enovia.WEB-INF}/classes/vplm/mask" includes="**/*" excludes="DEFAULT"/>
			</path>
 		 </foreach>

		<echo message="Masks compilation successfully !!"/>
		<antcall target="generate.custom.war"/>
	</target>

	<!--This target will be called for every mask-->
	<target name="compile.mask" description="Compile individual mask"> 
	    <!--Taking the name of the mask-->
		<propertyregex property="mask_name" input="${mask_dir}"  regexp=".:\\.+\\(\w+)" replace="\1"/>
		<echo message="Compiling mask : ${mask_name}"/>

	 	<exec dir="${SRV_INSTALL}/scripts" executable="${enovia.server.bash.executable}"  failonerror="true">
			<arg line="/c VPLMPosMaskCompiler.sh  -m '${mask_name}'  –addpath  '…/enovia/WEB-INF/classes/'  -d '…/enovia/WEB-INF/classes/vplm/mask' -connect  ${enovia.webapp.nocas.url}"/>
		</exec>

	</target>

<!--############################################### Generate Custom WAR ################################################-->
	<target name="generate.custom.war" description="Generate custom WAR for Cas and NoCas"> 

		<exec dir="${SRV_INSTALL}/scripts" executable="${enovia.server.bash.executable}"  failonerror="true">
			<arg line="/c ${enovia.war_setup.cas.script}"/>
			<arg line="/c ${enovia.war_setup.nocas.scrip}"/>
		</exec>

		<echo message="Custom WAR generation successfully !!"/>
		<antcall target="compile.JPOs"/>
	</target>


<!--################################################# JPO Compilaiton ##################################################-->
	<target name="compile.JPOs" description="Compile JPOs"> 

		<fileset id="custom.jars" dir="${enovia.WEB-INF}/lib" includes="**/*.jar"/>
		<property name="prop.custom.jars" refid="custom.jars"/>
		<propertyregex property="custom.jars.fixed" input="${prop.custom.jars}" regexp=";" replace="," global="true"/>

		<!--Copying the custom jar temporarily-->
		<copy todir="${SRV_INSTALL}/linux_a64/docs/custom">
		    <fileset dir="${enovia.WEB-INF}/lib" includes="${custom.jars.fixed}"/>
		</copy>

		<echo message="Custom jars copied successfully !!"/>

		<!--Compiling all the JPOs-->
		<exec dir="." executable="${enovia.server.mql.executable}"  failonerror="true">
			<arg line="-c 'verb on; set context user &quot;${enovia.server.admin.user}&quot; password &quot;${enovia.server.admin.password}&quot;
			 ;set env LOG_FILE &quot;${log.file}&quot; ;set env TCL_PROC compileJPOs; run deploy.tcl'" if:set="${enovia.server.admin.password}"/>

			<arg line="-c 'verb on; set context user &quot;${enovia.server.admin.user}&quot; ;set env LOG_FILE &quot;${log.file}&quot;
			;set env TCL_PROC compileJPOs; run deploy.tcl'" unless:set="${enovia.server.admin.password}"/>
		</exec>

		<echo message="JPO compilation successfully !!"/>

		<!--Deleting the temporary Custom Jars-->
		<delete>
 			 <fileset dir="${SRV_INSTALL}/linux_a64/docs/custom" includes="${custom.jars.fixed}"/>
		</delete>
		<echo message="Custom jars deleted successfully !!"/>

		<antcall target="import.3DSpaceIndex"/>
	</target>

<!--################################################ Import 3D Space Inex ###############################################-->
	<target name="import.3DSpaceIndex" description="Importing 3DSpaceIndex"> 
		<input message="Do you want to start full index?" addproperty="need.full.index" validargs = "Y,N" />
		<exec dir="./tools" executable="${enovia.server.mql.executable}"  failonerror="true">
			<arg line="-c 'verb on; set context user &quot;${enovia.server.admin.user}&quot; password &quot;${enovia.server.admin.password}&quot; 
			;set env LOG_FILE &quot;${log.file}&quot; ;set env NEED_FULL_INDEX &quot;${need.full.index}&quot; ;set env CONFIG_FILE ${enovia.WEB-INF}/${PWC_Config_File}
			 ;set env TCL_PROC import3DSpaceIndex; run deploy.tcl'" if:set="${enovia.server.admin.password}"/>

			<arg line="-c 'verb on; set context user &quot;${enovia.server.admin.user}&quot; ;set env LOG_FILE &quot;${log.file}&quot;
			 ;set env NEED_FULL_INDEX &quot;${need.full.index}&quot; ;set env CONFIG_FILE ${enovia.WEB-INF}/${PWC_Config_File}
			 ;set env TCL_PROC import3DSpaceIndex; run deploy.tcl'" unless:set="${enovia.server.admin.password}"/>
		</exec>	 

		<echo message="Import 3D Space Index successful !!"/>
	</target>

<!--################# Conditions #########################-->
    <condition property="customization.available">
		<Or>
    	    <equals arg1="${return.details}" arg2="0"/>
			<equals arg1="${return.details}" arg2=""/>
		</Or>	 
    </condition>

</project>
